create table PROJECT (
     ID INT PRIMARY KEY AUTO_INCREMENT,
     NAME VARCHAR(255) NOT NULL
);

create table EMPLOYEE (
     ID INT PRIMARY KEY AUTO_INCREMENT,
     FIRST_NAME VARCHAR(255) NOT NULL,
     LAST_NAME VARCHAR(255) NOT NULL
);

create table PROJECT_EMPLOYEE (
     PROJECT_ID INT NOT NULL,
     EMPLOYEE_ID INT NOT NULL
);

create table TASK(
     ID INT PRIMARY KEY AUTO_INCREMENT,
     TOPIC VARCHAR(255) NOT NULL,
     PROJECT_ID INT,
     EMPLOYEE_ID INT,
     STATUS VARCHAR(20),
     FOREIGN KEY(PROJECT_ID)
     REFERENCES PROJECT(ID),
     FOREIGN KEY(EMPLOYEE_ID)
     REFERENCES EMPLOYEE(ID)
);


INSERT INTO PROJECT(ID,NAME) VALUES (1, 'Project 1');
INSERT INTO PROJECT(ID,NAME) VALUES (2, 'Project 2');
INSERT INTO PROJECT(ID,NAME) VALUES (3, 'Project 3');

INSERT INTO EMPLOYEE(ID,FIRST_NAME,LAST_NAME) VALUES (1, 'Jacek', 'Placek');
INSERT INTO EMPLOYEE(ID,FIRST_NAME,LAST_NAME) VALUES (2, 'Grzegorz', 'Brzeczyszczykiewicz');
INSERT INTO EMPLOYEE(ID,FIRST_NAME,LAST_NAME) VALUES (3, 'Wojak', 'Szwejk');
INSERT INTO EMPLOYEE(ID,FIRST_NAME,LAST_NAME) VALUES (4, 'Robin', 'Hood');

INSERT INTO PROJECT_EMPLOYEE(PROJECT_ID,EMPLOYEE_ID) VALUES (1, 1);
INSERT INTO PROJECT_EMPLOYEE(PROJECT_ID,EMPLOYEE_ID) VALUES (2, 2);
INSERT INTO PROJECT_EMPLOYEE(PROJECT_ID,EMPLOYEE_ID) VALUES (3, 3);
INSERT INTO PROJECT_EMPLOYEE(PROJECT_ID,EMPLOYEE_ID) VALUES (4, 4);
INSERT INTO PROJECT_EMPLOYEE(PROJECT_ID,EMPLOYEE_ID) VALUES (1, 2);
INSERT INTO PROJECT_EMPLOYEE(PROJECT_ID,EMPLOYEE_ID) VALUES (2, 4);
INSERT INTO PROJECT_EMPLOYEE(PROJECT_ID,EMPLOYEE_ID) VALUES (3, 4);

INSERT INTO TASK(ID,TOPIC,PROJECT_ID, EMPLOYEE_ID,STATUS) VALUES (1, 'Task1',1,1,'OPEN');
INSERT INTO TASK(ID,TOPIC,PROJECT_ID, EMPLOYEE_ID,STATUS) VALUES (2, 'Task2',1,2,'OPEN');
INSERT INTO TASK(ID,TOPIC,PROJECT_ID, EMPLOYEE_ID,STATUS) VALUES (3, 'Task2',1,3,'OPEN');
INSERT INTO TASK(ID,TOPIC,PROJECT_ID, EMPLOYEE_ID,STATUS) VALUES (4, 'Task2',2,1,'OPEN');
INSERT INTO TASK(ID,TOPIC,PROJECT_ID, EMPLOYEE_ID,STATUS) VALUES (5, 'Task2',2,2,'OPEN');
INSERT INTO TASK(ID,TOPIC,PROJECT_ID, EMPLOYEE_ID,STATUS) VALUES (6, 'Task2',3,1,'OPEN');

